{
  "class_name": "ViewTrajectory",
  "interval": 29,
  "is_loop": false,
  "trajectory": [
    {
      "boundingbox_max": [
        40.463756561279297, 38.668529510498047, 45.890869140625
      ],
      "boundingbox_min": [
        -163.34634399414062, -21.512495040893555, -133.94264221191406
      ],
      "field_of_view": 60.0,
      "front": [
        -0.12384803531330051, -0.52174673957992113, -0.84406279617499891
      ],
      "lookat": [-2.4474636097888753, 2.4954219565040163, 11.924460966457289],
      "up": [0.099696051645935799, -0.85284994755185539, 0.51255015778654123],
      "zoom": 0.07600000000000004
    }
  ],
  "version_major": 1,
  "version_minor": 0
}
