{
  "class_name": "ViewTrajectory",
  "interval": 29,
  "is_loop": false,
  "trajectory": [
    {
      "boundingbox_max": [
        40.463756561279297, 38.668529510498047, 45.890869140625
      ],
      "boundingbox_min": [
        -163.34634399414062, -21.512495040893555, -133.94264221191406
      ],
      "field_of_view": 60.0,
      "front": [-0.28503392540324302, -0.305379243412218, -0.90856985370537136],
      "lookat": [-2.4474636097888753, 2.4954219565040163, 11.924460966457289],
      "up": [0.057094792099706457, -0.95161690631567042, 0.30193616598427508],
      "zoom": 0.055999999999999384
    }
  ],
  "version_major": 1,
  "version_minor": 0
}
